symbol,date,close,high,low,open,volume,adjClose,adjHigh,adjLow,adjOpen,adjVolume,divCash,splitFactor
AAPL,2020-01-02,300.35,300.6,295.19,296.24,33911864,73.9876321254,74.0492166369,72.7165278079,72.9751827562,135647456,0.0,1.0
AAPL,2020-01-03,297.43,300.58,296.5,297.15,36633878,73.268325031,74.044289876,73.0392306482,73.1993503781,146535512,0.0,1.0
AAPL,2020-01-06,299.8,299.96,292.75,293.79,29644644,73.8521462001,73.8915602874,72.1154629755,72.3716545434,118578576,0.0,1.0
AAPL,2020-01-07,298.39,300.9,297.48,299.84,27877655,73.5048095552,74.1231180507,73.2806419333,73.8619997219,111510620,0.0,1.0
AAPL,2020-01-08,303.19,304.44,297.16,297.16,33090946,74.6872321761,74.9951547336,73.2018137585,73.2018137585,132363784,0.0,1.0
AAPL,2020-01-09,309.63,310.43,306.2,307.24,42621542,76.2736491925,76.4707196294,75.4287096947,75.6849012625,170486168,0.0,1.0
AAPL,2020-01-10,310.33,312.67,308.25,310.6,35217272,76.4460858248,77.0225168525,75.933702689,76.5125970972,140869088,0.0,1.0
AAPL,2020-01-13,316.96,317.07,311.15,311.64,30028742,78.0793070699,78.106404255,76.6480830225,76.7687886651,120114968,0.0,1.0
AAPL,2020-01-14,312.68,317.57,312.17,316.7,40653457,77.0249802329,78.229573278,76.8993478295,78.015259178,162613828,0.0,1.0
AAPL,2020-01-15,311.34,315.5,309.55,311.85,30480882,76.6948872513,77.7196535227,76.2539421489,76.8205196547,121923528,0.0,1.0
AAPL,2020-01-16,315.24,315.7,312.09,313.59,27207254,77.6556056308,77.768921132,76.8796407858,77.2491478548,108829016,0.0,1.0
AAPL,2020-01-17,318.73,318.74,315.0,316.27,34454117,78.5153254114,78.5177887919,77.5964844997,77.9093338182,137816468,0.0,1.0
AAPL,2020-01-21,316.57,319.02,316.0,317.19,27235039,77.983235232,78.5867634448,77.8428225458,78.1359648205,108940156,0.0,1.0
AAPL,2020-01-22,317.7,319.99,317.31,318.58,25458115,78.261597224,78.8257113494,78.1655253861,78.4783747045,101832460,0.0,1.0
AAPL,2020-01-23,319.23,319.56,315.65,317.92,26117993,78.6384944344,78.7197859896,77.7566042296,78.3157915941,104471972,0.0,1.0
AAPL,2020-01-24,318.31,323.33,317.52,320.25,36634380,78.4118634321,79.6484804232,78.2172563757,78.8897592414,146537520,0.0,1.0
AAPL,2020-01-27,308.95,311.77,304.88,310.06,40485005,76.1061393212,76.800812611,75.1035434739,76.3795745523,161940020,0.0,1.0
AAPL,2020-01-28,317.69,318.4,312.19,312.6,40558486,78.2591338436,78.4340338562,76.9042745904,77.0052731893,162233944,0.0,1.0
AAPL,2020-01-29,324.34,327.85,321.38,324.45,54149928,79.8972818497,80.7619283912,79.1681212334,79.9243790347,216599712,0.0,1.0
AAPL,2020-01-30,323.87,324.09,318.75,320.54,31685808,79.781502968,79.8356973381,78.5202521723,78.9611972747,126743232,0.0,1.0
AAPL,2020-01-31,309.51,322.68,308.29,320.93,49897096,76.244088627,79.4883606932,75.9435562109,79.0572691127,199588384,0.0,1.0
AAPL,2020-02-03,308.66,313.49,302.22,304.3,43496401,76.0347012879,77.2245140502,74.4482842715,74.9606674072,173985604,0.0,1.0
AAPL,2020-02-04,318.85,319.64,313.63,315.31,34154134,78.5448859769,78.7394930333,77.2590013767,77.672849294,136616536,0.0,1.0
AAPL,2020-02-05,321.45,324.76,318.95,323.52,29706718,79.1853648966,80.000743829,78.5695197816,79.6952846519,118826872,0.0,1.0
AAPL,2020-02-06,325.21,325.22,320.26,322.57,26356385,80.1115959497,80.1140593302,78.8922226219,79.4612635082,105425540,0.0,1.0
AAPL,2020-02-07,320.03,323.4,318.0,322.37,29421012,79.0252451667,79.8574017652,78.5239757617,79.6030631016,117684048,0.77,1.0
AAPL,2020-02-10,321.55,321.55,313.85,314.18,27337215,79.4005798936,79.4005798936,77.4992131849,77.5807003296,109348860,0.0,1.0
AAPL,2020-02-11,319.61,323.9,318.71,323.6,23580780,78.9215342553,79.9808671359,78.6992965881,79.9067879135,94323120,0.0,1.0
AAPL,2020-02-12,327.2,327.22,321.47,321.47,28432573,80.7957385825,80.8006771973,79.3808254343,79.3808254343,113730292,0.0,1.0
AAPL,2020-02-13,324.87,326.22,323.35,324.19,23686892,80.220389955,80.5537464559,79.8450552281,80.0524770509,94747568,0.0,1.0
AAPL,2020-02-14,324.95,325.98,322.85,324.74,20028447,80.2401444143,80.494483078,79.7215898574,80.1882889587,80113788,0.0,1.0
AAPL,2020-02-18,319.0,319.75,314.61,315.36,38190545,78.7709065031,78.9561045591,77.6868805484,77.8720786044,152762180,0.0,1.0
AAPL,2020-02-19,323.62,324.57,320.0,320.0,23495991,79.9117265283,80.1463107326,79.0178372445,79.0178372445,93983964,0.0,1.0
AAPL,2020-02-20,320.3,324.65,318.21,322.63,25141489,79.0919164669,80.1660651919,78.5758312174,79.6672650943,100565956,0.0,1.0
AAPL,2020-02-21,313.05,320.45,310.5,318.62,32426415,77.3016685918,79.1289560781,76.6719952013,78.6770728213,129705660,0.0,1.0
AAPL,2020-02-24,298.18,304.18,289.23,297.26,55548828,73.6298084674,75.1113929157,71.4197783319,73.4026321853,222195312,0.0,1.0
AAPL,2020-02-25,288.08,302.53,286.13,300.95,57668364,71.1358079793,74.7039571924,70.6542930336,74.313806621,230673456,0.0,1.0
AAPL,2020-02-26,292.65,297.88,286.5,286.53,49678431,72.2642814675,73.5557292449,70.7456574079,70.7530653302,198713724,0.0,1.0
AAPL,2020-02-27,273.52,286.0,272.96,281.1,80151381,67.5404963847,70.6221920372,67.4022151695,69.4122314044,320605524,0.0,1.0
AAPL,2020-02-28,273.36,278.41,256.37,257.26,106721230,67.5009874661,68.7479877101,63.3056341699,63.5254025297,426884920,0.0,1.0
AAPL,2020-03-02,298.81,301.44,277.72,282.28,85349339,73.7853748344,74.4348026843,68.5776054985,69.7036096793,341397356,0.0,1.0
AAPL,2020-03-03,289.32,304.0,285.8,303.67,79868852,71.4420020987,75.0669453822,70.572805889,74.9854582376,319475408,0.0,1.0
AAPL,2020-03-04,302.74,303.4,293.13,296.44,54794568,74.7558126481,74.9187869374,72.3828082233,73.2001489773,219178272,0.0,1.0
AAPL,2020-03-05,292.92,299.55,291.41,295.52,46893219,72.3309527677,73.9681035831,71.9580873482,72.9729726953,187572876,0.0,1.0
AAPL,2020-03-06,289.03,290.82,281.23,282.0,56544246,71.3703921837,71.8123982107,69.4443324008,69.6344690717,226176984,0.0,1.0
AAPL,2020-03-09,266.17,278.09,263.0,263.75,71686208,65.7255554355,68.6689698729,64.9427849853,65.1279830413,286744832,0.0,1.0
AAPL,2020-03-10,285.34,286.44,269.37,277.14,71322520,70.4592177479,70.7308415635,66.5157338079,68.4343856685,285290080,0.0,1.0
AAPL,2020-03-11,275.43,281.22,271.86,277.39,64094970,68.0121341008,69.4418630934,67.130591354,68.4961183539,256379880,0.0,1.0
AAPL,2020-03-12,248.23,270.0,248.0,255.94,104618517,61.295617935,66.671300175,61.2388238645,63.1994539511,418474068,0.0,1.0
AAPL,2020-03-13,277.97,279.92,252.95,264.89,92683032,68.6393381839,69.1208531296,62.4611310343,65.4094840865,370732128,0.0,1.0
AAPL,2020-03-16,242.21,259.08,240.0,241.95,80605865,59.8090948718,63.9748164791,59.2633779333,59.7448928791,322423460,0.0,1.0
AAPL,2020-03-17,252.86,257.61,238.4,247.51,81013965,62.4389072676,63.6118282892,58.8682887471,61.1178278012,324055860,0.0,1.0
AAPL,2020-03-18,246.67,250.0,237.12,239.77,75058406,60.9104059784,61.7326853472,58.5522173981,59.2065838628,300233624,0.0,1.0
AAPL,2020-03-19,244.78,252.84,242.61,247.39,67964255,60.4437068772,62.4339686528,59.9078671684,61.0881961122,271857020,0.0,1.0
AAPL,2020-03-20,229.24,251.83,228.0,247.18,100423346,56.606403156,62.184568604,56.3002090367,61.0363406565,401693384,0.0,1.0
AAPL,2020-03-23,224.37,228.5,212.61,228.08,84188208,55.4038504454,56.4236744074,52.4999449267,56.319963496,336752832,0.0,1.0
AAPL,2020-03-24,246.88,247.69,234.3,236.36,71882773,60.9622614341,61.1622753346,57.8558727074,58.3645500347,287531092,0.0,1.0
AAPL,2020-03-25,245.52,258.25,244.3,250.75,75900510,60.6264356258,63.7698639637,60.3251801213,61.9178834033,303602040,0.0,1.0
AAPL,2020-03-26,258.44,258.68,246.36,246.52,63140169,63.8167808046,63.8760441825,60.8338574486,60.8733663672,252560676,0.0,1.0
AAPL,2020-03-27,247.74,255.87,247.05,252.75,51054153,61.1746218717,63.1821687992,61.0042396601,62.4117448861,204216612,0.0,1.0
AAPL,2020-03-30,254.81,255.52,249.4,250.74,41994110,62.9204222133,63.0957430397,61.5845269024,61.9154140959,167976440,0.0,1.0
AAPL,2020-03-31,254.29,262.49,252.0,255.6,49250501,62.7920182278,64.8168503072,62.22654683,63.115497499,197002004,0.0,1.0
AAPL,2020-04-01,240.91,248.72,239.13,246.5,44054638,59.488084908,61.4166139983,59.0485481883,60.8684277524,176218552,0.0,1.0
AAPL,2020-04-02,244.93,245.15,236.9,240.34,41483493,60.4807464884,60.5350712515,58.497892635,59.3473343854,165933972,0.0,1.0
AAPL,2020-04-03,241.41,245.7,238.97,242.8,32470017,59.6115502787,60.6708831593,59.0090392697,59.9547840092,129880068,0.0,1.0
AAPL,2020-04-06,262.47,263.11,249.38,250.9,50455071,64.8119116924,64.9699473668,61.5795882876,61.9549230145,201820284,0.0,1.0
AAPL,2020-04-07,259.43,271.7,259.0,270.8,50721831,64.0612422385,67.0910824354,63.9550620197,66.8688447681,202887324,0.0,1.0
AAPL,2020-04-08,266.07,267.37,261.23,262.74,42223821,65.7008623614,66.0218723252,64.505717573,64.8785829925,168895284,0.0,1.0
AAPL,2020-04-09,267.99,270.07,264.7,268.7,40529123,66.1749693848,66.6885853269,65.3625672457,66.3502902112,162116492,0.0,1.0
AAPL,2020-04-13,273.25,273.7,265.83,268.31,32755731,67.4738250845,67.5849439182,65.6415989834,66.2539872221,131022924,0.0,1.0
AAPL,2020-04-14,287.05,288.25,278.05,280.0,48748672,70.8814693157,71.1777862054,68.6590926432,69.1406075889,194994688,0.0,1.0
AAPL,2020-04-15,284.43,286.33,280.63,282.4,32788641,70.2345107733,70.7036791819,69.296173956,69.7332413682,131154564,0.0,1.0
AAPL,2020-04-16,286.69,288.2,282.35,287.38,39281290,70.7925742488,71.1654396683,69.7208948312,70.9629564604,157125160,0.0,1.0
AAPL,2020-04-17,282.8,286.95,276.86,284.69,53812478,69.8320136648,70.8567762416,68.3652450609,70.298712766,215249912,0.0,1.0
AAPL,2020-04-20,276.93,281.68,276.85,277.95,32503750,68.3825302128,69.5554512344,68.3627757535,68.6343995691,130015000,0.0,1.0
AAPL,2020-04-21,268.37,277.25,265.43,276.28,45247893,66.2688030666,68.4615480501,65.5428266869,68.2220252309,180991572,0.0,1.0
AAPL,2020-04-22,276.1,277.9,272.2,273.61,29264342,68.1775776975,68.622053032,67.2145478061,67.5627201514,117057368,0.0,1.0
AAPL,2020-04-23,275.03,281.75,274.87,275.87,31203582,67.9133618042,69.5727363863,67.8738528856,68.120783627,124814328,0.0,1.0
AAPL,2020-04-24,282.97,283.01,277.0,277.2,31627183,69.8739918908,69.8838691205,68.3998153647,68.449201513,126508732,0.0,1.0
AAPL,2020-04-27,283.17,284.54,279.95,281.8,29271893,69.9233780391,70.2616731548,69.1282610518,69.5850829234,117087572,0.0,1.0
AAPL,2020-04-28,278.58,285.83,278.2,285.08,28001187,68.7899659361,70.5802138112,68.6961322544,70.3950157552,112004748,0.0,1.0
AAPL,2020-04-29,287.73,289.67,283.89,284.73,34320204,71.0493822198,71.5284278581,70.1011681729,70.3085899957,137280816,0.0,1.0
AAPL,2020-04-30,293.8,294.53,288.35,289.96,45765968,72.5482518201,72.7285112613,71.2024792795,71.6000377731,183063872,0.0,1.0
AAPL,2020-05-01,289.07,299.0,285.85,286.25,60154175,71.3802694133,73.8322916753,70.585152426,70.6839247226,240616700,0.0,1.0
AAPL,2020-05-04,293.16,293.69,286.32,289.17,33391986,72.3902161456,72.5210894385,70.7012098745,71.4049624874,133567944,0.0,1.0
AAPL,2020-05-05,297.56,301.0,294.46,295.06,36937795,73.4767114077,74.3261531581,72.7112261094,72.8593845542,147751180,0.0,1.0
AAPL,2020-05-06,300.63,303.24,298.87,300.46,35583438,74.2347887838,74.8792780188,73.8001906789,74.1928105577,142333752,0.0,1.0
AAPL,2020-05-07,303.74,305.17,301.97,303.22,28803764,75.0027433895,75.3558543497,74.5656759772,74.874339404,115215056,0.0,1.0
AAPL,2020-05-08,310.13,310.35,304.29,305.64,33511985,76.7831140349,76.8375824355,75.3372255818,75.6714634947,134047940,0.82,1.0
AAPL,2020-05-11,315.01,317.05,307.24,308.1,36486561,77.9913221943,78.4963928184,76.0675973175,76.2805192473,145946244,0.0,1.0
AAPL,2020-05-12,311.41,319.69,310.91,317.83,40575263,77.1000210931,79.150013626,76.9762292735,78.689508057,162301052,0.0,1.0
AAPL,2020-05-13,307.65,315.95,303.21,312.15,50155639,76.1691066096,78.2240508152,75.0698352514,77.2832329861,200622556,0.0,1.0
AAPL,2020-05-14,309.54,309.79,301.53,304.51,39732269,76.6370396877,76.6989355976,74.6538947375,75.3916939824,158929076,0.0,1.0
AAPL,2020-05-15,307.71,307.9,300.21,300.35,41587094,76.183961628,76.2310025194,74.3270843337,74.3617460432,166348376,0.0,1.0
AAPL,2020-05-18,314.96,316.5,310.32,313.17,33843125,77.9789430124,78.3602218168,76.8301549264,77.5357682982,135372500,0.0,1.0
AAPL,2020-05-19,313.14,318.52,313.01,315.03,25432385,77.528340789,78.860340768,77.4961549159,77.9962738671,101729540,0.0,1.0
AAPL,2020-05-20,319.23,319.52,316.52,316.68,27876215,79.0361251519,79.1079244073,78.3651734896,78.4047868719,111504860,0.0,1.0
AAPL,2020-05-21,316.85,320.89,315.87,318.66,25672211,78.4468760905,79.447113993,78.2042441241,78.8950024775,102688844,0.0,1.0
AAPL,2020-05-22,318.89,319.23,315.35,315.77,20450754,78.9519467146,79.0361251519,78.0755006317,78.1794857602,81803016,0.0,1.0
AAPL,2020-05-26,316.73,324.24,316.5,323.5,31380454,78.4171660538,80.2765191845,78.3602218168,80.0933072914,125521816,0.0,1.0
AAPL,2020-05-27,318.11,318.71,313.09,316.14,28236274,78.758831476,78.9073816595,77.515961607,78.2710917067,112945096,0.0,1.0
AAPL,2020-05-28,318.25,323.44,315.63,316.77,33449103,78.7934931855,80.0784522731,78.1448240507,78.4270693994,133796412,0.0,1.0
AAPL,2020-05-29,317.94,321.15,316.47,319.25,38399532,78.7167422573,79.5114857392,78.3527943076,79.0410768247,153598128,0.0,1.0
AAPL,2020-06-01,321.85,322.35,317.21,317.75,20254653,79.6847942867,79.8085861063,78.5360062007,78.6697013658,81018612,0.0,1.0
AAPL,2020-06-02,323.34,323.44,318.93,320.75,21910704,80.0536939091,80.0784522731,78.9618500601,79.4124522835,87642816,0.0,1.0
AAPL,2020-06-03,325.12,326.2,322.3,324.66,26122804,80.494392787,80.7617831173,79.7962069243,80.3805043129,104491216,0.0,1.0
AAPL,2020-06-04,322.32,325.62,320.78,324.39,21890091,79.8011585971,80.6181846066,79.4198797927,80.3136567303,87560364,0.0,1.0
AAPL,2020-06-05,331.5,331.75,323.23,323.35,34312550,82.0739764053,82.1358723151,80.0264597088,80.0561697455,137250200,0.0,1.0
AAPL,2020-06-08,333.46,333.6,327.32,330.25,23913634,82.5592403382,82.5939020477,81.0390767933,81.7644968562,95654536,0.0,1.0
AAPL,2020-06-09,343.99,345.61,332.01,332.14,36928091,85.1662960593,85.5673815548,82.2002440613,82.2324299344,147712364,0.0,1.0
AAPL,2020-06-10,352.84,354.77,346.09,347.9,41662938,87.3574112665,87.8352476902,85.6862217017,86.1343480887,166651752,0.0,1.0
AAPL,2020-06-11,335.9,351.06,335.48,349.31,50415613,83.1633444179,86.9167123886,83.0593592894,86.48344102,201662452,0.0,1.0
AAPL,2020-06-12,338.8,347.8,334.22,344.72,50036513,83.8813369717,86.1095897248,82.747403904,85.3470321159,200146052,0.0,1.0
AAPL,2020-06-15,342.99,345.68,332.58,333.25,34702230,84.91871242,85.5847124096,82.3413667356,82.5072477739,138808920,0.0,1.0
AAPL,2020-06-16,352.08,353.2,344.72,351.46,41357182,87.1692477007,87.4465413766,85.3470321159,87.0157458443,165428728,0.0,1.0
AAPL,2020-06-17,351.59,355.4,351.09,355.15,28601626,87.0479317174,87.9912253829,86.9241398978,87.9293294731,114406504,0.0,1.0
AAPL,2020-06-18,351.73,353.45,349.22,351.41,24205096,87.0825934269,87.5084372864,86.4611584925,87.0033666624,96820384,0.0,1.0
AAPL,2020-06-19,349.72,356.56,345.15,354.64,66118952,86.5849503121,88.2784224044,85.4534930808,87.8030618171,264475808,0.0,1.0
AAPL,2020-06-22,358.87,359.46,351.15,351.34,33861316,88.850340611,88.9964149582,86.9389949162,86.9860358076,135445264,0.0,1.0
AAPL,2020-06-23,366.53,372.38,362.27,364.0,53038869,90.7468312876,92.1951955771,89.6921249844,90.1204446803,212155476,0.0,1.0
AAPL,2020-06-24,360.06,368.79,358.52,365.0,48155849,89.1449651417,91.3063703122,88.7636863373,90.3680283195,192623396,0.0,1.0
AAPL,2020-06-25,364.84,365.0,357.57,360.7,34380628,90.3284149373,90.3680283195,88.52848188,89.3034186708,137522512,0.0,1.0
AAPL,2020-06-26,353.63,365.32,353.02,364.41,51314211,87.5530023415,90.4472550841,87.4019763215,90.2219539724,205256844,0.0,1.0
AAPL,2020-06-29,361.78,362.1736,351.28,353.25,32661519,89.5708090012,89.6682579216,86.9711807893,87.4589205586,130646076,0.0,1.0
AAPL,2020-06-30,364.8,365.98,360.0,360.08,35055821,90.3185115917,90.610660286,89.1301101234,89.1499168145,140223284,0.0,1.0
AAPL,2020-07-01,364.11,367.36,363.91,365.12,27690454,90.1476788806,90.9523257081,90.0981621528,90.3977383562,110761816,0.0,1.0
AAPL,2020-07-02,364.11,370.47,363.64,367.85,28814516,90.1476788806,91.7223108261,90.0313145702,91.0736416913,115258064,0.0,1.0
AAPL,2020-07-06,373.85,375.78,369.87,370.0,29745936,92.5591435267,93.0369799505,91.5737606426,91.6059465157,118983744,0.0,1.0
AAPL,2020-07-07,372.69,378.62,372.23,375.41,28206999,92.2719465052,93.7401174859,92.1580580312,92.9453740039,112827996,0.0,1.0
AAPL,2020-07-08,381.37,381.5,376.36,376.72,29274479,94.4209724938,94.4531583669,93.1805784612,93.2697085713,117097916,0.0,1.0
AAPL,2020-07-09,383.01,385.27,378.69,385.05,31420357,94.8270096621,95.3865486868,93.7574483406,95.3320802861,125681428,0.0,1.0
AAPL,2020-07-10,383.68,383.92,378.82,381.34,22564330,94.9928907004,95.0523107738,93.7896342137,94.4135449846,90257320,0.0,1.0
AAPL,2020-07-13,381.91,399.82,381.03,389.06,47913079,94.5546676589,98.9888906376,94.3367940564,96.3248906794,191652316,0.0,1.0
AAPL,2020-07-14,388.23,389.02,375.51,379.36,42748119,96.1193962589,96.3149873339,92.9701323679,93.9233293789,170992476,0.0,1.0
AAPL,2020-07-15,390.9,396.99,385.96,395.96,38306874,96.7804445756,98.2882289386,95.5573813978,98.0332177901,153227496,0.0,1.0
AAPL,2020-07-16,386.09,389.62,383.62,386.25,27645927,95.5895672709,96.4635375174,94.978035682,95.6291806532,110583708,0.0,1.0
AAPL,2020-07-17,385.31,388.59,383.36,387.95,23046755,95.3964520323,96.208526369,94.9136639358,96.0500728399,92187020,0.0,1.0
AAPL,2020-07-20,393.43,394.0,384.25,385.67,22397208,97.4068311829,97.5479538573,95.1340133747,95.4855821425,89588832,0.0,1.0
AAPL,2020-07-21,388.0,397.0,386.97,396.69,25627347,96.0624520219,98.2907047749,95.8074408735,98.2139538468,102509388,0.0,1.0
AAPL,2020-07-22,389.09,391.9,386.41,386.77,22250413,96.3323181886,97.0280282149,95.6687940355,95.7579241456,89001652,0.0,1.0
AAPL,2020-07-23,371.38,388.31,368.039,387.9935,49251108,91.9476119378,96.13920295,91.1204349992,96.0608427282,197004432,0.0,1.0
AAPL,2020-07-24,370.46,371.88,356.58,363.95,46359716,91.7198349897,92.0714037574,88.2833740772,90.1080654983,185438864,0.0,1.0
AAPL,2020-07-27,379.24,379.62,373.92,374.84,30303548,93.8936193422,93.9877011251,92.5764743815,92.8042513296,121214192,0.0,1.0
AAPL,2020-07-28,373.01,378.1986,372.99,377.47,25906375,92.3511732698,93.6357857403,92.346221597,93.4553963008,103625500,0.0,1.0
AAPL,2020-07-29,380.16,380.92,374.85,375.0,22582314,94.1213962903,94.3095598561,92.806727166,92.8438647119,90329256,0.0,1.0
AAPL,2020-07-30,384.76,385.19,375.07,376.75,39532505,95.2602810308,95.3667419956,92.8611955666,93.2771360805,158130020,0.0,1.0
AAPL,2020-07-31,425.04,425.66,403.3,411.535,93573867,105.232950019,105.3864518753,99.8504817021,101.8893329712,374295468,0.0,1.0
AAPL,2020-08-03,435.75,446.5457,431.57,432.8,77037847,107.8845707952,110.5574094892,106.8496711832,107.1541990594,308151388,0.0,1.0
AAPL,2020-08-04,438.66,443.16,433.55,436.53,43198092,108.6050391853,109.7191655619,107.3398867889,108.0776860338,172792368,0.0,1.0
AAPL,2020-08-05,440.25,441.57,435.59,437.51,30497988,108.9986971717,109.3255075755,107.8449574129,108.3203180002,121991952,0.0,1.0
AAPL,2020-08-06,455.61,457.65,439.19,441.62,50607225,112.8015818703,113.3066524943,108.7362585141,109.3378867575,202428900,0.0,1.0
AAPL,2020-08-07,444.45,454.7,441.17,452.82,49511403,110.2415670407,112.7839814004,109.4279944456,112.3176654007,198045612,0.82,1.0
AAPL,2020-08-10,450.91,455.1,440.0,450.4,53100856,111.8439081883,112.8831975705,109.1377871479,111.7174075714,212403424,0.0,1.0
AAPL,2020-08-11,437.5,449.93,436.4267,447.875,46975594,108.5176860846,111.6008285715,108.2514642961,111.0911054974,187902376,0.0,1.0
AAPL,2020-08-12,452.04,453.1,441.19,441.99,41486205,112.124193869,112.3871167198,109.4329552541,109.6313875943,165944820,0.0,1.0
AAPL,2020-08-13,460.04,464.17,455.71,457.72,52520516,114.1085172716,115.1329242283,113.0345022299,113.5330634849,210082064,0.0,1.0
AAPL,2020-08-14,459.63,460.0,452.18,459.315,41391302,114.0068206973,114.0985956546,112.1589195285,113.9286879633,165565208,0.0,1.0
AAPL,2020-08-17,458.43,464.35,455.8501,464.25,29431414,113.7091721869,115.1775715048,113.0692526935,115.1527674623,117725656,0.0,1.0
AAPL,2020-08-18,462.25,464.0,456.03,457.41,26408385,114.6566866116,115.090757356,113.113875166,113.456170953,105633540,0.0,1.0
AAPL,2020-08-19,462.83,468.65,462.44,463.933,36384502,114.8005500583,116.2441453338,114.7038142925,115.0741386475,145538008,0.0,1.0
AAPL,2020-08-20,473.1,473.568,462.9335,463.0,31726797,117.3479252265,117.4640081456,114.8262222424,114.8427169306,126907188,0.0,1.0
AAPL,2020-08-21,497.48,499.472,477.0,477.05,84513660,123.3951507962,123.8892473235,118.3152828853,118.3276849066,338054640,0.0,1.0
AAPL,2020-08-24,503.43,515.14,495.745,514.79,86484442,124.870991327,127.7755447077,122.9648006583,127.6887305588,345937768,0.0,1.0
AAPL,2020-08-25,499.3,500.7172,492.21,498.79,52873947,123.8465843703,124.1981072611,122.0879777547,123.7200837534,211495788,0.0,1.0
AAPL,2020-08-26,506.09,507.97,500.33,504.7165,40755567,125.5307788584,125.997094858,124.1020660084,125.1900953342,163022268,0.0,1.0
AAPL,2020-08-27,500.04,509.94,495.33,508.57,38888096,124.0301342851,126.4857344959,122.8618638818,126.1459191132,155552384,0.0,1.0
AAPL,2020-08-28,499.23,505.77,498.31,504.05,46907479,123.8292215406,125.4514059223,123.6010243493,125.0247763907,187629916,0.0,1.0
AAPL,2020-08-31,129.04,131.0,126.0,127.58,223505733,128.0285459415,129.9731828761,125.0123743694,126.5799898575,223505733,0.0,4.0
AAPL,2020-09-01,134.18,134.8,130.53,132.76,152470142,133.1282570864,133.7433973413,129.5068668765,131.7193874705,152470142,0.0,1.0
AAPL,2020-09-02,131.4,137.98,127.0,137.59,200118991,130.3700475567,136.8984715515,126.0045360708,136.511528488,200118991,0.0,1.0
AAPL,2020-09-03,120.88,128.84,120.5,126.91,257599640,119.9325064585,127.8301136012,119.555485012,125.9152415176,257599640,0.0,1.0
AAPL,2020-09-04,120.96,123.7,110.89,120.07,332607163,120.0118793946,122.7304024563,110.0208110621,119.1288554804,332607163,0.0,1.0
AAPL,2020-09-08,112.82,118.99,112.68,113.95,231366563,111.9356831457,118.057320843,111.7967805075,113.0568258682,231366563,0.0,1.0
AAPL,2020-09-09,117.32,119.14,115.26,117.26,176940455,116.4004108018,118.2061450982,114.356557697,116.3408810997,176940455,0.0,1.0
AAPL,2020-09-10,113.49,120.5,112.5,120.36,182274391,112.6004314856,119.555485012,111.6181914013,119.4165823738,182274391,0.0,1.0
AAPL,2020-09-11,112.0,115.23,110.0,114.57,180860325,111.1221105506,114.3267928459,109.1377871479,113.6719661231,180860325,0.0,1.0
AAPL,2020-09-14,115.355,115.93,112.8,114.72,140150087,114.4508130586,115.0213060369,111.9158399117,113.8207903783,140150087,0.0,1.0
AAPL,2020-09-15,115.54,118.829,113.61,118.33,184642039,114.6343629734,117.8975828091,112.7194908898,117.4024941201,184642039,0.0,1.0
AAPL,2020-09-16,112.13,116.0,112.04,115.23,155026675,111.2510915718,115.090757356,111.1617970187,114.3267928459,155026675,0.0,1.0
AAPL,2020-09-17,110.34,112.2,108.71,109.72,178010968,109.4751221264,111.3205428909,107.8578985532,108.8599818715,178010968,0.0,1.0
AAPL,2020-09-18,106.84,110.88,106.09,110.4,287104882,106.0025561717,110.0108894451,105.2584348957,109.5346518284,287104882,0.0,1.0
AAPL,2020-09-21,110.08,110.19,103.1,104.54,195713815,109.217160084,109.3262978712,102.2918714086,103.7205842586,195713815,0.0,1.0
AAPL,2020-09-22,111.81,112.86,109.16,112.68,183055373,110.9335998273,111.9753696138,108.3043713188,111.7967805075,183055373,0.0,1.0
AAPL,2020-09-23,107.12,112.11,106.77,111.62,150718671,106.280361448,111.2312483377,105.9331048526,110.7450891041,150718671,0.0,1.0
AAPL,2020-09-24,108.22,110.25,105.0,105.17,167743349,107.3717393195,109.3858275732,104.1769786412,104.3456461304,167743349,0.0,1.0
AAPL,2020-09-25,112.28,112.44,107.67,108.43,149981441,111.399915827,111.5586616992,106.8260503838,107.5800932768,149981441,0.0,1.0
AAPL,2020-09-28,114.96,115.32,112.78,115.01,137672403,114.0589091866,114.4160873991,111.8959966776,114.1085172716,137672403,0.0,1.0
AAPL,2020-09-29,114.09,115.31,113.57,114.55,100060526,113.1957285064,114.406165782,112.6798044217,113.652122889,100060526,0.0,1.0
AAPL,2020-09-30,115.81,117.26,113.62,113.79,142675184,114.9022466327,116.3408810997,112.7294125068,112.898079996,142675184,0.0,1.0
AAPL,2020-10-01,116.79,117.72,115.83,117.64,116120440,115.8745651,116.7972754823,114.9220898667,116.7179025462,116120440,0.0,1.0
AAPL,2020-10-02,113.02,115.37,112.22,112.89,144711986,112.134115486,114.4656954841,111.3403861249,112.0051344648,144711986,0.0,1.0
AAPL,2020-10-05,116.5,116.65,113.55,113.91,106243839,115.5868382066,115.7356624619,112.6599611877,113.0171394002,106243839,0.0,1.0
AAPL,2020-10-06,113.16,116.12,112.25,115.7,161498212,112.2730181242,115.2098167601,111.3701509759,114.7931088456,161498212,0.0,1.0
AAPL,2020-10-07,115.08,115.55,114.13,114.62,96848985,114.1779685907,114.6442845904,113.2354149745,113.7215742081,96848985,0.0,1.0
AAPL,2020-10-08,114.97,116.4,114.5901,116.25,83477153,114.0688308036,115.4876220365,113.6919085733,115.3387977813,83477153,0.0,1.0
AAPL,2020-10-09,116.97,117.0,114.92,115.28,100506865,116.0531542063,116.0829190573,114.0192227185,114.376400931,100506865,0.0,1.0
AAPL,2020-10-12,124.4,125.18,119.2845,120.06,240226769,123.4249156473,124.1988017743,118.349512464,119.1189338634,240226769,0.0,1.0
AAPL,2020-10-13,121.1,125.39,119.65,125.27,262330451,120.1507820328,124.4071557316,118.7121475659,124.2880963274,262330451,0.0,1.0
AAPL,2020-10-14,121.19,123.03,119.62,121.0,151062308,120.240076586,122.0656541164,118.6823827148,120.0515658627,151062308,0.0,1.0
AAPL,2020-10-15,120.71,121.2,118.15,118.72,112559219,119.7638389693,120.249998203,117.2239050139,117.7894371836,112559219,0.0,1.0
AAPL,2020-10-16,119.02,121.548,118.81,121.28,115393808,118.087085694,120.595270475,117.8787317368,120.3293711391,115393808,0.0,1.0
AAPL,2020-10-19,115.98,120.419,115.66,119.96,120639337,115.0709141219,119.4751199142,114.7534223775,119.0197176933,120639337,0.0,1.0
AAPL,2020-10-20,117.51,118.98,115.63,116.2,124423728,116.588921525,118.047399226,114.7236575265,115.2891896962,124423728,0.0,1.0
AAPL,2020-10-21,116.87,118.705,116.45,116.67,89945980,115.9539380361,117.7745547581,115.5372301216,115.7555056959,89945980,0.0,1.0
AAPL,2020-10-22,115.75,118.04,114.59,117.45,101987954,114.8427169306,117.1147672267,113.6918093571,116.5293918229,101987954,0.0,1.0
AAPL,2020-10-23,115.04,116.55,114.28,116.39,82572645,114.1382821227,115.6364462917,113.3842392297,115.4777004195,82572645,0.0,1.0
AAPL,2020-10-26,115.05,116.55,112.88,114.01,111850657,114.1482037397,115.6364462917,111.9952128478,113.1163555703,111850657,0.0,1.0
AAPL,2020-10-27,116.6,117.28,114.5399,115.49,92276772,115.6860543768,116.3607243337,113.6421020558,114.5847548883,92276772,0.0,1.0
AAPL,2020-10-28,111.2,115.43,111.1,115.05,143937823,110.3283811895,114.5252251862,110.2291650194,114.1482037397,143937823,0.0,1.0
AAPL,2020-10-29,115.32,116.93,112.2,112.37,146129173,114.4160873991,116.0134677382,111.3205428909,111.4892103801,146129173,0.0,1.0
AAPL,2020-10-30,108.86,111.99,107.72,111.06,190573476,108.0067228084,111.1121889336,106.8756584688,110.1894785513,190573476,0.0,1.0
AAPL,2020-11-02,108.77,110.68,107.32,109.11,122866899,107.9174282553,109.8124571048,106.4787937883,108.2547632337,122866899,0.0,1.0
AAPL,2020-11-03,110.44,111.49,108.73,109.66,107624448,109.5743382965,110.6161080829,107.8777417872,108.8004521695,107624448,0.0,1.0
AAPL,2020-11-04,114.95,115.59,112.35,114.14,138235482,114.0489875696,114.6839710584,111.4693671461,113.2453365915,138235482,0.0,1.0
AAPL,2020-11-05,119.03,119.62,116.8686,117.95,126387074,118.0970073111,118.6823827148,115.9525490098,117.0254726736,126387074,0.0,1.0
AAPL,2020-11-06,118.69,119.2,116.13,118.32,114457922,117.9630654814,118.4699419107,115.4187445813,117.5953316013,114457922,0.205,1.0
AAPL,2020-11-09,116.32,121.99,116.05,120.5,154515315,115.6075808981,121.2428541416,115.3392345531,119.7619798678,154515315,0.0,1.0
AAPL,2020-11-10,115.97,117.59,114.13,115.55,138023390,115.259724525,116.8698025946,113.4309938781,114.8422968773,138023390,0.0,1.0
AAPL,2020-11-11,119.49,119.63,116.44,117.19,112294954,118.7581657626,118.8973083119,115.7268459403,116.472252454,112294954,0.0,1.0
AAPL,2020-11-12,119.21,120.53,118.57,119.62,103350674,118.4798806642,119.7917961283,117.8438004392,118.8873695584,103350674,0.0,1.0
AAPL,2020-11-13,119.26,119.6717,117.87,119.44,81688586,118.5295744318,118.938752914,117.1480876931,118.7084719951,81688586,0.0,1.0
AAPL,2020-11-16,120.3,120.99,118.146,118.92,91183018,119.5632047974,120.24897879,117.4223972901,118.1916568122,91183018,0.0,1.0
AAPL,2020-11-17,119.39,120.6741,118.96,119.55,74270973,118.6587782275,119.9350135665,118.2314118263,118.8177982837,74270973,0.0,1.0
AAPL,2020-11-18,118.03,119.82,118.0,118.61,76322111,117.3071077493,119.0861446287,117.2772914888,117.8835554532,76322111,0.0,1.0
AAPL,2020-11-19,118.64,119.06,116.81,117.59,74112972,117.9133717138,118.3307993615,116.0945798204,116.8698025946,74112972,0.0,1.0
AAPL,2020-11-20,117.34,118.77,117.29,118.64,73604287,116.6213337567,118.0425755095,116.5716399891,117.9133717138,73604287,0.0,1.0
AAPL,2020-11-23,113.85,117.6202,113.75,117.18,127959318,113.1527087796,116.8998176302,113.0533212445,116.4623137005,127959318,0.0,1.0
AAPL,2020-11-24,115.17,115.85,112.59,113.91,113226248,114.4646242437,115.1404594828,111.9004258366,113.2123413007,113226248,0.0,1.0
AAPL,2020-11-25,116.03,116.75,115.17,115.55,76499234,115.3193570461,116.0349472993,114.4646242437,114.8422968773,76499234,0.0,1.0
AAPL,2020-11-27,116.59,117.49,116.22,116.57,46691331,115.875927243,116.7704150595,115.5081933629,115.856049736,46691331,0.0,1.0
AAPL,2020-11-30,119.05,120.97,116.81,116.97,169410176,118.3208606079,120.229101283,116.0945798204,116.2535998766,169410176,0.0,1.0
AAPL,2020-12-01,122.72,123.4693,120.01,121.01,125920963,121.9683831483,122.7130939493,119.2749809455,120.2688562971,125920963,0.0,1.0
AAPL,2020-12-02,123.08,123.37,120.89,122.02,89004195,122.3261782749,122.6144021269,120.1495912549,121.2726704022,89004195,0.0,1.0
AAPL,2020-12-03,122.94,123.78,122.21,123.52,78967630,122.1870357257,123.021891021,121.461506719,122.7634834296,78967630,0.0,1.0
AAPL,2020-12-04,122.25,122.8608,121.52,122.6,78260421,121.5012617331,122.1083207978,120.7757327264,121.8491181061,78260421,0.0,1.0
AAPL,2020-12-07,123.75,124.57,122.25,122.31,86711990,122.9920747605,123.8070525488,121.5012617331,121.5608942542,86711990,0.0,1.0
AAPL,2020-12-08,124.38,124.98,123.09,124.37,82225512,123.618216232,124.2145414429,122.3361170284,123.6082774785,82225512,0.0,1.0
AAPL,2020-12-09,121.78,125.95,121.0,124.53,115089193,121.0341403178,125.178600534,120.2589175436,123.7672975347,115089193,0.0,1.0
AAPL,2020-12-10,123.24,123.87,120.15,120.5,81312170,122.4851983311,123.1113398027,119.4141234947,119.7619798678,81312170,0.0,1.0
AAPL,2020-12-11,122.41,122.76,120.55,122.43,86939786,121.6602817893,122.0081381624,119.8116736353,121.6801592964,86939786,0.0,1.0
AAPL,2020-12-14,121.78,123.35,121.54,122.6,79075988,121.0341403178,122.5945246198,120.7956102334,121.8491181061,79075988,0.0,1.0
AAPL,2020-12-15,127.88,127.9,124.13,124.34,157572262,127.0967799626,127.1166574696,123.3697473941,123.5784612179,157572262,0.0,1.0
AAPL,2020-12-16,127.81,128.37,126.56,127.41,98208591,127.027208688,127.5837788849,125.7848644985,126.6296585473,98208591,0.0,1.0
AAPL,2020-12-17,128.7,129.58,128.045,128.9,94359811,127.9117577509,128.7863680603,127.2607693956,128.1105328212,94359811,0.0,1.0
AAPL,2020-12-18,126.655,129.1,126.12,128.96,192541496,125.8792826569,128.3093078915,125.3475593438,128.1701653423,192541496,0.0,1.0
AAPL,2020-12-21,128.23,128.31,123.449,125.02,121251553,127.4446363356,127.5241463638,122.6929182796,124.254296457,121251553,0.0,1.0
AAPL,2020-12-22,131.88,134.405,129.65,131.61,169351825,131.072281369,133.5818166318,128.8559393349,130.803935024,169351825,0.0,1.0
AAPL,2020-12-23,130.96,132.43,130.78,132.16,88223692,130.1579160455,131.6189128123,129.9790184822,131.3505664674,88223692,0.0,1.0
AAPL,2020-12-24,131.97,133.46,131.1,131.32,54930064,131.1617301506,132.6426044245,130.2970585947,130.5157111721,54930064,0.0,1.0
AAPL,2020-12-28,136.69,137.34,133.51,133.99,123124632,135.8528218102,136.4988407887,132.6922981921,133.1693583608,123124632,0.0,1.0
AAPL,2020-12-29,134.87,138.789,134.3409,138.05,121047324,134.0439686703,137.9389661732,133.5181092217,137.2044922883,121047324,0.0,1.0
AAPL,2020-12-30,133.72,135.99,133.4,135.58,96452124,132.9010120159,135.157109064,132.5829719034,134.7496201699,96452124,0.0,1.0
AAPL,2020-12-31,132.69,134.74,131.72,134.08,99116586,131.8773204038,133.9147648745,130.9132613127,133.2588071425,99116586,0.0,1.0
AAPL,2021-01-04,129.41,133.6116,126.76,133.52,143301887,128.6174092505,132.7932759278,125.9836395688,132.7022369456,143301887,0.0,1.0
AAPL,2021-01-05,131.01,131.74,128.43,128.89,97664898,130.2076098131,130.9331388197,127.643411406,128.1005940677,97664898,0.0,1.0
AAPL,2021-01-06,126.6,131.0499,126.382,127.72,155087970,125.8246195125,130.2472654396,125.6079546859,126.9377599063,155087970,0.0,1.0
AAPL,2021-01-07,130.92,131.63,127.86,128.36,109578157,130.1181610314,130.8238125311,127.0769024555,127.5738401313,109578157,0.0,1.0
AAPL,2021-01-08,132.05,132.63,130.23,132.43,105158245,131.2412401787,131.8176878827,129.4323870388,131.6189128123,105158245,0.0,1.0
AAPL,2021-01-11,128.98,130.17,128.5,129.19,100620880,128.1900428493,129.3727545177,127.7129826806,128.3987566732,100620880,0.0,1.0
AAPL,2021-01-12,128.8,129.69,126.86,128.5,90440255,128.011145286,128.895694349,126.0830271039,127.7129826806,90440255,0.0,1.0
AAPL,2021-01-13,130.89,131.45,128.49,128.76,88636831,130.0883447709,130.6449149678,127.703043927,127.971390272,88636831,0.0,1.0
AAPL,2021-01-14,128.91,131.0,128.76,130.8,90221755,128.1204715747,130.1976710596,127.971390272,129.9988959892,90221755,0.0,1.0
AAPL,2021-01-15,127.14,130.2242,127.0,128.78,111598531,126.3613122024,129.4266225618,126.2221696532,127.991267779,111598531,0.0,1.0
AAPL,2021-01-19,127.83,128.71,126.938,127.78,90757329,127.047086195,127.9216965044,126.1605493814,126.9973924274,90757329,0.0,1.0
AAPL,2021-01-20,132.03,132.49,128.55,128.66,104319489,131.2213626717,131.6785453334,127.7626764481,127.8720027368,104319489,0.0,1.0
AAPL,2021-01-21,136.87,139.67,133.59,133.8,120529544,136.0317193735,138.8145703579,132.7718082202,132.980522044,120529544,0.0,1.0
AAPL,2021-01-22,139.07,139.85,135.02,136.28,114459360,138.218245147,138.9934679212,134.193049973,135.445332916,114459360,0.0,1.0
AAPL,2021-01-25,142.92,145.09,136.54,143.07,157611713,142.0446652506,144.2013747636,135.7037405074,142.1937465534,157611713,0.0,1.0
AAPL,2021-01-26,143.16,144.3,141.37,143.6,98390555,142.283195335,143.4162132358,140.5041584557,142.7205004897,98390555,0.0,1.0
AAPL,2021-01-27,142.06,144.3,140.41,143.43,140843759,141.1899324483,143.4162132358,139.5500381181,142.5515416799,140843759,0.0,1.0
AAPL,2021-01-28,137.09,141.99,136.7,139.52,142621128,136.2503719508,141.1203611736,135.8627605637,138.6654890552,142621128,0.0,1.0
AAPL,2021-01-29,131.96,136.74,130.21,135.83,177523812,131.1517913971,135.9025155777,129.4125095318,134.9980890078,177523812,0.0,1.0
AAPL,2021-02-01,134.14,135.38,130.93,133.75,106239823,133.3184396636,134.5508450996,130.1280997849,132.9308282765,106239823,0.0,1.0
AAPL,2021-02-02,134.99,136.31,134.61,135.73,82266419,134.1632337124,135.4751491766,133.7855610788,134.8987014726,82266419,0.0,1.0
AAPL,2021-02-03,133.94,135.77,133.61,135.76,89880937,133.1196645933,134.9384564867,132.7916857272,134.9285177332,89880937,0.0,1.0
AAPL,2021-02-04,137.39,137.4,134.59,136.3,84183061,136.5485345563,136.5584733098,133.7656835718,135.465210423,84183061,0.0,1.0
AAPL,2021-02-05,136.76,137.42,135.86,137.35,75693830,136.1261375319,136.783078529,135.2303088994,136.7134029687,75693830,0.205,1.0
AAPL,2021-02-08,136.91,136.96,134.92,136.03,71297214,136.2754423039,136.3252105613,134.294665661,135.3995209744,71297214,0.0,1.0
AAPL,2021-02-09,136.01,137.877,135.85,136.62,75986989,135.3796136714,137.2379604013,135.2203552479,135.9867864112,75986989,0.0,1.0
AAPL,2021-02-10,135.39,136.99,134.4,136.48,72647988,134.7624872802,136.3550715157,133.7770757844,135.8474352906,72647988,0.0,1.0
AAPL,2021-02-11,135.13,136.39,133.77,135.9,64280029,134.5036923419,135.7578524274,133.1499957417,135.2701235053,64280029,0.0,1.0
AAPL,2021-02-12,135.37,135.53,133.6921,134.35,60145130,134.7425799772,134.9018384008,133.0724567967,133.7273075271,60145130,0.0,1.0
AAPL,2021-02-16,133.19,136.01,132.79,135.49,80576316,132.5726839563,135.3796136714,132.1745378974,134.8620237949,80576316,0.0,1.0
AAPL,2021-02-17,130.84,132.22,129.47,131.25,97372199,130.2335758604,131.6071797635,128.8699256087,130.6416755708,97372199,0.0,1.0
AAPL,2021-02-18,129.71,129.995,127.41,129.2,96856748,129.1088132441,129.392492311,126.8194734055,128.601177019,96856748,0.0,1.0
AAPL,2021-02-19,129.87,130.71,128.8,130.24,87668834,129.2680716676,130.1041783913,128.2030309601,129.6363567721,87668834,0.0,1.0
AAPL,2021-02-22,126.0,129.72,125.6,128.01,102886922,125.4160085479,129.1187668955,125.017862489,127.4166924938,102886922,0.0,1.0
AAPL,2021-02-23,125.86,126.71,118.39,123.76,158273022,125.2766574273,126.1227178024,117.8412797777,123.1863906182,158273022,0.0,1.0
AAPL,2021-02-24,125.35,125.56,122.23,124.94,111039904,124.7690212022,124.9780478831,121.663481943,124.3609214919,111039904,0.0,1.0
AAPL,2021-02-25,120.99,126.4585,120.54,124.68,144766924,120.4292291604,125.8723834679,119.9813148442,124.1021265536,144766924,0.0,1.0
AAPL,2021-02-26,121.26,124.85,121.2,122.59,163424672,120.6979777502,124.2713386286,120.6382558413,122.0218133959,163424672,0.0,1.0
AAPL,2021-03-01,127.79,127.93,122.79,123.75,116307892,127.1977121614,127.337063282,122.2208864254,123.1764369667,116307892,0.0,1.0
AAPL,2021-03-02,125.12,128.72,125.01,128.41,102260945,124.5400872184,128.1234017483,124.4305970522,127.8148385527,102260945,0.0,1.0
AAPL,2021-03-03,122.06,125.71,121.84,124.81,112966340,121.4942698679,125.1273526552,121.2752895355,124.2315240227,112966340,0.0,1.0
AAPL,2021-03-04,120.13,123.6,118.62,121.75,178154975,119.5732151338,123.0271321946,118.0702137615,121.1857066723,178154975,0.0,1.0
AAPL,2021-03-05,121.42,121.935,117.57,120.98,153766601,120.8572361737,121.3698492245,117.025080357,120.4192755089,153766601,0.0,1.0
AAPL,2021-03-08,116.36,121.0,116.21,120.93,154376610,115.8206885289,120.4391828119,115.6713837568,120.3695072516,154376610,0.0,1.0
AAPL,2021-03-09,121.085,122.06,118.79,119.03,129525780,120.5237888494,121.4942698679,118.2394258366,118.4783134719,129525780,0.0,1.0
AAPL,2021-03-10,119.98,122.17,119.45,121.69,111943326,119.4239103617,121.6037600341,118.8963668337,121.1259847635,111943326,0.0,1.0
AAPL,2021-03-11,121.96,123.21,121.26,122.54,103026514,121.3947333532,122.6389397872,120.6979777502,121.9720451386,103026514,0.0,1.0
AAPL,2021-03-12,121.03,121.17,119.16,120.4,88105050,120.4690437663,120.6083948869,118.607710941,119.8419637236,88105050,0.0,1.0
AAPL,2021-03-15,123.99,124.0,120.42,121.41,92590555,123.415324602,123.4252782535,119.8618710265,120.8472825222,92590555,0.0,1.0
AAPL,2021-03-16,125.57,127.22,124.715,125.7,115227936,124.9880015346,126.6303540275,124.1369643338,125.1173990038,115227936,0.0,1.0
AAPL,2021-03-17,124.76,125.8599,122.336,124.05,111932636,124.1817557654,125.2765578908,121.7689906486,123.4750465109,111932636,0.0,1.0
AAPL,2021-03-18,120.53,123.18,120.32,122.88,121469755,119.9713611927,122.6090788328,119.7623345118,122.3104692886,121469755,0.0,1.0
AAPL,2021-03-19,119.99,121.43,119.675,119.9,185549522,119.4338640132,120.8671898252,119.1203239918,119.34428115,185549522,0.0,1.0
AAPL,2021-03-22,123.39,123.87,120.26,120.33,111912284,122.8181055137,123.2958807844,119.702612603,119.7722881633,111912284,0.0,1.0
AAPL,2021-03-23,122.54,124.24,122.14,123.33,95467142,121.9720451386,123.6641658888,121.5738990797,122.7583836049,95467142,0.0,1.0
AAPL,2021-03-24,120.09,122.9,120.065,122.82,88530485,119.5334005279,122.3303765916,119.5085163993,122.2507473798,88530485,0.0,1.0
AAPL,2021-03-25,120.59,121.66,119.0,119.54,98844681,120.0310831015,121.096123809,118.4484525175,118.985949697,98844681,0.0,1.0
AAPL,2021-03-26,121.21,121.48,118.92,120.35,94071234,120.6482094928,120.9169580826,118.3688233057,119.7921954662,94071234,0.0,1.0
AAPL,2021-03-29,121.39,122.58,120.7299,121.65,80819203,120.8273752193,122.0118597445,120.1703346856,121.0861701576,80819203,0.0,1.0
AAPL,2021-03-30,119.9,120.4031,118.86,120.11,85671919,119.34428115,119.8450493555,118.3091013969,119.5533078309,85671919,0.0,1.0
AAPL,2021-03-31,122.15,123.52,121.15,121.65,118323826,121.5838527312,122.9475029828,120.588487584,121.0861701576,118323826,0.0,1.0
AAPL,2021-04-01,123.0,124.18,122.49,123.66,75089134,122.4299131063,123.60444398,121.9222768812,123.0868541035,75089134,0.0,1.0
AAPL,2021-04-05,125.9,126.1601,123.07,123.87,88651175,125.3164720332,125.575366508,122.4995886666,123.2958807844,88651175,0.0,1.0
AAPL,2021-04-06,126.21,127.13,125.65,126.5,80171253,125.6250352288,126.5407711643,125.0676307464,125.9136911215,80171253,0.0,1.0
AAPL,2021-04-07,127.9,127.92,125.14,125.83,83466716,127.3072023276,127.3271096306,124.5599945213,125.2467964729,83466716,0.0,1.0
AAPL,2021-04-08,130.36,130.39,128.52,128.95,88844591,129.7558005897,129.7856615442,127.9243287189,128.3523357322,88844591,0.0,1.0
AAPL,2021-04-09,132.995,133.04,129.47,129.8,106686703,132.3785877526,132.4233791842,128.8699256087,129.1983961073,106686703,0.0,1.0
AAPL,2021-04-12,131.24,132.85,130.63,132.52,91419983,130.6317219193,132.2342598063,130.0245491795,131.9057893077,91419983,0.0,1.0
AAPL,2021-04-13,134.43,134.66,131.93,132.44,91266545,133.8069367389,134.0358707227,131.3185238708,131.8261600959,91266545,0.0,1.0
AAPL,2021-04-14,132.03,135.0,131.655,134.94,87222782,131.4180603856,134.3742948728,131.0447984554,134.3145729639,87222782,0.0,1.0
AAPL,2021-04-15,134.5,135.0,133.64,133.82,89347102,133.8766122992,134.3742948728,133.0205982726,133.1997639991,89347102,0.0,1.0
AAPL,2021-04-16,134.16,134.67,133.28,134.3,84922386,133.5381881491,134.0458243742,132.6622668196,133.6775392697,84922386,0.0,1.0
AAPL,2021-04-19,134.84,135.47,133.34,133.51,94264215,134.2150364492,134.842116492,132.7219887284,132.8912008034,94264215,0.0,1.0
AAPL,2021-04-20,133.11,135.53,131.81,135.02,94812349,132.4930547446,134.9018384008,131.1990800532,134.3942021757,94812349,0.0,1.0
AAPL,2021-04-21,133.5,133.75,131.3001,132.36,68847136,132.881247152,133.1300884388,130.6915433646,131.7465308841,68847136,0.0,1.0
AAPL,2021-04-22,131.94,134.15,131.41,133.04,84566456,131.3284775223,133.5282344976,130.8009339943,132.4233791842,84566456,0.0,1.0
AAPL,2021-04-23,134.32,135.12,132.16,132.16,78756779,133.6974465727,134.4937386904,131.5474578547,131.5474578547,78756779,0.0,1.0
AAPL,2021-04-26,134.72,135.06,133.56,134.83,66905069,134.0955926316,134.4340167816,132.9409690608,134.2050827977,66905069,0.0,1.0
AAPL,2021-04-27,134.39,135.41,134.11,135.01,66015804,133.767122133,134.7823945831,133.4884198918,134.3842485242,66015804,0.0,1.0
AAPL,2021-04-28,133.58,135.02,133.08,134.31,107760097,132.9608763637,134.3942021757,132.4631937901,133.6874929212,107760097,0.0,1.0
AAPL,2021-04-29,133.48,137.07,132.45,136.47,151100953,132.861339849,136.4347007275,131.8361137474,135.8374816392,151100953,0.0,1.0
AAPL,2021-04-30,131.46,133.56,131.065,131.78,109839466,130.8507022517,132.9409690608,130.4575330185,131.1692190988,109839466,0.0,1.0
AAPL,2021-05-03,132.54,134.07,131.83,132.04,75135100,131.9256966106,133.4486052859,131.2189873561,131.428014037,75135100,0.0,1.0
AAPL,2021-05-04,127.85,131.4899,126.7,131.19,137564718,127.2574340703,130.8804636696,126.112764151,130.5819536619,137564718,0.0,1.0
AAPL,2021-05-05,128.1,130.45,127.97,129.2,84000900,127.5062753571,129.845383453,127.3768778879,128.601177019,84000900,0.0,1.0
AAPL,2021-05-06,129.74,129.75,127.13,127.89,78128334,129.1386741985,129.1486278499,126.5407711643,127.2972486761,78128334,0.0,1.0
AAPL,2021-05-07,130.21,131.2582,129.475,130.85,78973273,129.82547615,130.870580705,129.0926466825,130.4635861626,78973273,0.22,1.0
AAPL,2021-05-10,126.85,129.54,126.81,129.41,88071229,126.4753985841,129.1574547306,126.4355167083,129.0278386343,88071229,0.0,1.0
AAPL,2021-05-11,125.91,126.27,122.77,123.5,126142826,125.5381745031,125.8971113852,122.407447254,123.1352914871,126142826,0.0,1.0
AAPL,2021-05-12,122.77,124.64,122.25,123.4,112172282,122.407447254,124.2719249469,121.8889828688,123.0355867976,112172282,0.0,1.0
AAPL,2021-05-13,124.97,126.15,124.26,124.58,105861339,124.6009504222,125.7774657578,123.893047127,124.2121021333,105861339,0.0,1.0
AAPL,2021-05-14,127.45,127.89,125.85,126.25,81917951,127.0736267209,127.5123273545,125.4783516894,125.8771704473,81917951,0.0,1.0
AAPL,2021-05-17,126.27,126.93,125.17,126.82,74244624,125.8971113852,126.5551623356,124.8003598011,126.4454871772,74244624,0.0,1.0
AAPL,2021-05-18,124.85,126.99,124.78,126.56,63342929,124.4813047948,126.6149851493,124.4115115122,126.1862549846,63342929,0.0,1.0
AAPL,2021-05-19,124.69,124.915,122.86,123.16,92611989,124.3217772917,124.546112843,122.4971814745,122.7962955429,92611989,0.0,1.0
AAPL,2021-05-20,127.31,127.72,125.1,125.23,76857123,126.9340401556,127.3428293824,124.7305665185,124.8601826148,76857123,0.0,1.0
AAPL,2021-05-21,125.43,128.0,125.21,127.82,79295436,125.0595919937,127.6220025129,124.8402416769,127.4425340719,79295436,0.0,1.0
AAPL,2021-05-24,127.1,127.94,125.94,126.01,63092945,126.7246603077,127.5621796992,125.56808591,125.6378791926,63092945,0.0,1.0
AAPL,2021-05-25,126.9,128.32,126.32,127.82,72009482,126.5252509288,127.9410575192,125.9469637299,127.4425340719,72009482,0.0,1.0
AAPL,2021-05-26,126.85,127.39,126.42,126.955,56575920,126.4753985841,127.0138039072,126.0466684194,126.580088508,56575920,0.0,1.0
AAPL,2021-05-27,125.28,127.64,125.08,126.44,94625601,124.9100349595,127.2630656308,124.7106255806,126.0666093573,94625601,0.0,1.0
AAPL,2021-05-28,124.61,125.8,124.55,125.57,71311109,124.2420135401,125.4284993447,124.1821907264,125.1991785589,71311109,0.0,1.0
AAPL,2021-06-01,124.28,125.35,123.94,125.08,67637118,123.9129880649,124.9798282421,123.5739921207,124.7106255806,67637118,0.0,1.0
AAPL,2021-06-02,125.06,125.24,124.05,124.28,59278862,124.6906846427,124.8701530837,123.6836672791,123.9129880649,59278862,0.0,1.0
AAPL,2021-06-03,123.54,124.85,123.13,124.68,76229170,123.1751733628,124.4813047948,122.766384136,124.3118068227,76229170,0.0,1.0
AAPL,2021-06-04,125.89,126.16,123.85,124.07,75169343,125.5182335652,125.7874362268,123.4842579002,123.703608217,75169343,0.0,1.0
AAPL,2021-06-07,125.9,126.32,124.8321,126.17,71057550,125.5282040342,125.9469637299,124.4634576554,125.7974066957,71057550,0.0,1.0
AAPL,2021-06-08,126.74,128.46,126.2101,126.6,74403774,126.3657234257,128.0806440844,125.8373882762,126.2261368604,74403774,0.0,1.0
AAPL,2021-06-09,127.13,127.75,126.52,127.21,56877937,126.7545717146,127.3727407892,126.1463731088,126.8343354661,56877937,0.0,1.0
AAPL,2021-06-10,126.11,128.19,125.94,127.02,71186421,125.7375838821,127.8114414229,125.56808591,126.6448965562,71186421,0.0,1.0
AAPL,2021-06-11,127.35,127.44,126.1,126.53,53522373,126.9739220314,127.0636562519,125.7276134131,126.1563435778,53522373,0.0,1.0
AAPL,2021-06-14,130.48,130.54,127.07,127.82,96906490,130.0946788116,130.1545016253,126.6947489009,127.4425340719,96906490,0.0,1.0
AAPL,2021-06-15,129.64,130.6,129.39,129.94,62746332,129.2571594201,130.2143244389,129.0078976964,129.5562734885,62746332,0.0,1.0
AAPL,2021-06-16,130.15,130.89,128.461,130.37,91339351,129.7656533364,130.5034680384,128.0816411313,129.9850036532,91339351,0.0,1.0
AAPL,2021-06-17,131.79,132.55,129.65,129.8,96721669,131.4008102436,132.1585658835,129.267129889,129.4166869232,96721669,0.0,1.0
AAPL,2021-06-18,130.46,131.51,130.24,130.71,108953309,130.0747378737,131.1216371131,129.8553875569,130.3239995974,108953309,0.0,1.0
AAPL,2021-06-21,132.3,132.41,129.21,130.3,79663316,131.9093041598,132.0189793182,128.8284292554,129.9152103706,79663316,0.0,1.0
AAPL,2021-06-22,133.98,134.08,131.62,132.13,74783618,133.5843429428,133.6840476323,131.2313122715,131.7398061877,74783618,0.0,1.0
AAPL,2021-06-23,133.7,134.32,133.23,133.77,60214200,133.3051698123,133.923338887,132.8365577718,133.3749630949,60214200,0.0,1.0
AAPL,2021-06-24,133.41,134.64,132.93,134.45,68710998,133.0160262129,134.2423938933,132.5374437034,134.0529549833,68710998,0.0,1.0
AAPL,2021-06-25,133.11,133.89,132.81,133.46,70783746,132.7169121445,133.4946087223,132.4177980761,133.0658785576,70783746,0.0,1.0
AAPL,2021-06-28,134.78,135.245,133.35,133.41,62111303,134.3819804585,134.8456072645,132.9562033992,133.0160262129,62111303,0.0,1.0
AAPL,2021-06-29,136.33,136.49,134.35,134.8,64556081,135.9274031452,136.0869306483,133.9532502938,134.4019213964,64556081,0.0,1.0
AAPL,2021-06-30,136.96,137.41,135.87,136.17,63261393,136.5555426888,137.0042137914,135.4687615737,135.767875642,63261393,0.0,1.0
AAPL,2021-07-01,137.27,137.33,135.76,136.6,52485781,136.8646272261,136.9244500398,135.3590864153,136.1966058067,52485781,0.0,1.0
